Mon Apr 04 2022 14:07:19 GMT+0200 (heure d’été d’Europe centrale),/p%C3%AEng,Error: Not found
14:12:57,/toto,ReferenceError: next is not defined
14:13:19,/toto,Error: Not found
14:13:59,/toto,Error: Not found
14:15:26,/toto,Not found
14:15:50,/toto,This url cannot be found
14:32:14,/toto,Error: This url cannot be found
14:32:20,/movie,error: la valeur d'une clé dupliquée rompt la contrainte unique « name_unique »
14:33:23,/movie,error: la valeur d'une clé dupliquée rompt la contrainte unique « name_unique »
14:34:11,/toto,Error: This url cannot be found
14:34:55,/toto,This url cannot be found
14:34:58,/movie,error: la valeur d'une clé dupliquée rompt la contrainte unique « name_unique »
14:46:30,/movie,ReferenceError: req is not defined
14:46:55,undefined,Film déjà présent
